[
  {
    "question": "What is Bulkwize?",
    "answer": "<p><b>Bulkwize is a B2B ecommerce platform which provides live B2C kind of ecommerce experience for your business' bulk buying needs.</b></p><p>With the bulkwize mobile app you can find products for all your business needs and buy them online in bulk.</p><p>Our pan India Supplier connect, enables us to provide you the widest range of products at the best possible price (volume discounts). This is the only platform where you get access to thousands of products across various categories, order them at your convenience and we will deliver them to your doorstep.</p>"
  },
  {
    "question": "How do I access your platform?",
    "answer": "<p>From any browser (mobile, tablet, desktop) just click  <a href=\"http:\/\/bulkwize.com\/website\/index.html\">http:\/\/bulkwize.com\/website\/index.html<\/a><\/p>"
  },
  {
    "question": "Where do I download your mobile app?",
    "answer": "<p><strong>Launching in 15 days, once launched you can, <\/strong>From your mobile device, click <a href=\"http:\/\/bulkwize.com\/website\/index.html#DownloadApp\">here<\/a> and follow the instructions. It will not take more that couple of seconds to get you started.<\/p><p><strong>Alternatively,  <\/strong>Go to the play store, search for “bulkwize” and look for the logo <img src=\"http:\/\/bulkwize.com\/img\/bulkwize.png\"  width='35px'  ><\/p><p>Note: We currently support android based devices only<\/p>"
  },
  {
    "question": "What is the bulkwize advantage for a supplier?",
    "answer": "<p>Bulkwize will be a way to bring your brand in line with the new age digital m-commerce, allowing for further innovations in demand predictability.</p><p>It is a powerful medium with high reach enabling direct sales to both retailers and institutional buyers across India, reducing your dependence on Distribution Network. This direct connect will allow to market the bulk buy offers effectively and efficiently resulting in higher sales and margins.</p>"
  },
  {
    "question": "How do I promote an offer on my product?",
    "answer": "<p>There are multiple ways an offer will be displayed to the buyer</p><ul><li>Bulkwize home-page will display the top 5 selected offers on the large hero image</li><li>The offers section of the app will list all the offers </li><li>Brand listing page will have the details of the offer with larger quality discounts</li><li>We will send instant notification to buyers about the offers through our mobile platform</li></ul>"
  },
  {
    "question": "As a supplier, will managing products, inventory & delivery be a lot of online work for me?",
    "answer": "<p>We provide comprehensive support for suppliers with minimal / no work required from them on daily basis.  Please contact our supplier relationship team <a href=\"http:\/\/bulkwize.com\/website\/index.html#ContactUs\">here<\/a> to get more details.<\/p>"
  },
  {
    "question": "What is the bulkwize advantage for a buyer?",
    "answer": "<p>If you are running a business, bulkwize will provide you opportunity to earn great margins with just a click. Bulkwize will be one-stop shop for all your daily business needs.  Here are some of the advantages<\/p><ul><li>Time Saving with orders delivered at your business address and convenience of ordering anytime with no impact to your business<\/li><li>A wide assortment of guaranteed original brands<\/li><li>Best price gurantee and no longer need to get into tedious discussions with suppliers<\/li><li>Transparency in prices with best discounts for your bulk buying needs.<\/li><li>Great shopping experience with an easy to find products app layout and a friendly <a href=\"http:\/\/bulkwize.com\/website\/index.html#ContactUs\">customer service<\/a> to help you of need any help<\/li><\/ul>"
  },
  {
    "question": "What is bulkwize best rate guarantee?",
    "answer": "<p>Our motto is to bring the best possible bulk buy rates to the retailers. In case you find better rate than us elsewhere, please <a href=\"http:\/\/bulkwize.com\/website\/index.html#ContactUs\">contact us <\/a> with details of your cheaper purchase and we will communicate to our pricing team.  Kindly note the maximum different in two purchases should not be over 4 hours.<\/p>"
  },
  {
    "question": "What payment modes are supported?",
    "answer": "<p>We currently only support Cash-on-delivery. We will soon be adding other mobile friendly payment modes like paytm and paypal.</p>"
  },
  {
    "question": "How do I register?",
    "answer": "<p>Registrations is an easy three step process</p><ul><li>Fill the registration form on the app</li><li>Bulkwize team will contact you to get your photo ID, business license and copy of a bill and post verification, will send you a welcome mail</li><li>Please follow the activation link on the welcome mail to complete your registration</li></ul>"
  },
  {
    "question": "What documents are required for registration?",
    "answer": "<ul><li>Any of the following documents accepted as photo id proof:<\/li><ul><li>Aadhar card<\/li><li>Driving license<\/li><li>Passport<\/li><li>Voter Id card<\/li><\/ul><li>Any of the following documents are accepted as registered business proof:<\/li><ul><li>Valid business license issued by Central or State Government<\/li><li>Copy of outward sales invoice or company letterhead to be submitted along with business license<\/li><li>Authorization letter in case primary member is not a license holder<\/li><\/ul><li>Validity of membership<\/li><ul><li>Membership is valid till the expiry of the business license provided<\/li><li>For licenses that do not have defined validity, membership is valid for 5 years from the date of registration<\/li><li>Post expiry of the membership, a member can’t purchase from the store, unless the renewed valid license document is submitted and expiry extended on the system (member needs to submit a copy of recent outward invoice for renewal, in case of licenses with no defined validity)<\/li><li>Membership is terminated in case any of the submitted documents is found invalid<\/li><\/ul><li>Download the undertaking form <a href=\"http:\/\/bulkwize.com\/website\/index.html#ContactUs\">here<\/a><\/li><\/ul><ul><li>Any of the following documents accepted as photo id proof:<\/li><ul><li>Aadhar card<\/li><li>Driving license<\/li><li>Passport<\/li><li>Voter Id card<\/li><\/ul><li>Any of the following documents are accepted as registered business proof:<\/li><ul><li>Valid business license issued by Central or State Government<\/li><li>Copy of outward sales invoice or company letterhead to be submitted along with business license<\/li><li>Authorization letter in case primary member is not a license holder<\/li><\/ul><li>Validity of membership<\/li><ul><li>Membership is valid till the expiry of the business license provided<\/li><li>For licenses that do not have defined validity, membership is valid for 5 years from the date of registration<\/li><li>Post expiry of the membership, a member can’t purchase from the store, unless the renewed valid license document is submitted and expiry extended on the system (member needs to submit a copy of recent outward invoice for renewal, in case of licenses with no defined validity)<\/li><li>Membership is terminated in case any of the submitted documents is found invalid<\/li><\/ul><li>Download the undertaking form <a href=\"http:\/\/bulkwize.com\/website\/index.html#ContactUs\">here<\/a><\/li><\/ul>"
  },
  {
    "question": "I could not find the product I am looking for?",
    "answer": "<p>You can use the catalogues filter to narrow down the product or use the search feature.</p><p>We are constantly trying to expand our inventory, please <a href=\"http:\/\/bulkwize.com\/website\/index.html#ContactUs\">contact us <\/a> for any thing that would like to get added in the Bulkwize platform.<\/p>"
  },
  {
    "question": "Can I place the orders for goods not available?",
    "answer": "<p>Only available products can be ordered. The app in future will have options to add products to your wish-list and mark them for notifications. </p>"
  },
  {
    "question": "Do you deliver at my place?",
    "answer": "<p>Yes, we do. We organize delivery all goods purchased through our platform. We have regular scheduled deliveries within all prominent areas of Bangalore. Please contact <a href=\"http:\/\/bulkwize.com\/website\/index.html#ContactUs\">customer service<\/a> if you want our products outside these areas.</p>"
  },
  {
    "question": "What should I do if my order is bigger than the maximum quantity listed on the page?",
    "answer": "<p>Please contact <a href=\"http:\/\/bulkwize.com\/website\/index.html#ContactUs\">customer service<\/a> for any upward customization to your orders. <\/p>"
  },
  {
    "question": "What should I do if my order is smaller than the minimum quantity listed on the page?",
    "answer": "<p>This is a bulk-buy app and the minimum quantities are strictly enforced. However send us your suggestions to our <a href=\"http:\/\/bulkwize.com\/website\/index.html#ContactUs\">customer service<\/a><\/p>"
  },
  {
    "question": "How frequently can I order?",
    "answer": "<p>You can place the order whenever you want, however our delivery days are fixed for each areas. Our delivery time is generally 5-6 working days, however once you order with us, we will send you a confirmation email with tentative delivery schedules.</p>"
  },
  {
    "question": "Can I change my order? What if the goods delivered do not meet my expectations?",
    "answer": "<p>Yes you can change the order before the cutoff time (Please refer the order confirmation email to check cutoff-time).</p><p>Quality is our utmost motto! So if the goods received by you are damaged or not in good condition, please contact our customer care and we will take this up very strongly with the supplier for appropriate next steps.</p>"
  },
  {
    "question": "Will the information I provide be safe?",
    "answer": "<p>Yes, we promise to use the information provided, only for verification or direct business with bulkwize. We will never provide information collected without your consent to any other third party. Our site is completely secure with latest safety featured implemented to protect personal information.</p>"
  },
  {
    "question": "My question is not listed here? What should I do?",
    "answer": "<p>Please contact our customer relationship team <a href=\"http:\/\/bulkwize.com\/website\/index.html#ContactUs\">here<\/a> and we will be happy to answer your queries.<\/p>"
  }
]